"tipoTienda","tieneFolleto","especial","codigoProvincia","codigoTienda","idTienda","posicionX","fechaVigenciaFolleto","posicionY"
0,TRUE,FALSE,12,7028,1001533,"39.29027","18/01/2023","-7.64861"
0,TRUE,FALSE,5,7051,1001556,"39.91552","18/01/2023","-7.46666"
0,FALSE,FALSE,2,7088,1001591,"38.13301",NA,"-6.97543"
0,TRUE,FALSE,10,7012,1001517,"39.92197","18/01/2023","-8.3568"
0,TRUE,FALSE,4,8006,1001800,"41.48417","18/01/2023","-7.18062"
0,TRUE,FALSE,16,8024,1001818,"41.9082","18/01/2023","-8.56223"
0,TRUE,FALSE,9,8042,1001835,"40.81117","18/01/2023","-7.54418"
0,FALSE,FALSE,9,8054,1001847,"40.62431",NA,"-7.40293"
0,TRUE,FALSE,17,8057,1001850,"41.26592","18/01/2023","-7.59044"
0,TRUE,FALSE,18,8064,1001857,"40.97047","18/01/2023","-7.60805"
0,TRUE,FALSE,6,8065,1001858,"40.40111","18/01/2023","-8.6239"
0,TRUE,FALSE,13,8067,1001860,"41.09007","18/01/2023","-8.25643"
0,TRUE,FALSE,4,8068,1001861,"41.24189","18/01/2023","-7.30685"
0,FALSE,FALSE,13,8094,1001887,"41.31018",NA,"-8.73705"
0,TRUE,FALSE,11,7726,1002460,"38.83117778","18/01/2023","-9.16875"
0,TRUE,FALSE,6,8138,1002681,"40.044017","18/01/2023","-7.950469"
0,FALSE,FALSE,11,7113,1002598,"38.711412",NA,"-9.137551"
2,TRUE,FALSE,13,8905,1002045,"41.19513","18/01/2023","-8.29719"
2,TRUE,FALSE,17,8907,1002047,"41.276713889","18/01/2023","-7.472897222"
2,TRUE,FALSE,3,486,1002504,"41.538237","18/01/2023","-8.43239"
2,TRUE,FALSE,13,8941,1002536,"41.400983333","18/01/2023","-8.746747222"
2,TRUE,FALSE,17,8951,1002640,"41.610691667","18/01/2023","-7.313436111"
2,TRUE,FALSE,13,8954,1002654,"41.223408333","18/01/2023","-8.696419444"
2,TRUE,FALSE,7,7920,1002768,"38.581375","18/01/2023","-7.902733333"
2,TRUE,FALSE,15,7917,1002787,"38.62759722","18/01/2023","-9.034577778"
2,TRUE,FALSE,6,8943,1002541,"40.196877778","18/01/2023","-8.402077778"
2,TRUE,FALSE,16,8942,1002543,"41.6482241","18/01/2023","-8.7061271"
2,TRUE,FALSE,13,8946,1002567,"41.201480556","18/01/2023","-8.645669444"
2,TRUE,FALSE,13,8947,1002575,"41.207975","18/01/2023","-8.421627778"
2,TRUE,FALSE,16,8953,1002642,"41.846802778","18/01/2023","-8.419844444"
2,TRUE,FALSE,15,7915,1002648,"38.37570833","18/01/2023","-8.509872222"
2,TRUE,FALSE,13,8957,1002691,"41.056444444","18/01/2023","-8.647061111"
2,TRUE,FALSE,8,7919,1002722,"37.134875","18/01/2023","-7.634230556"
2,TRUE,FALSE,15,7912,1002574,"38.61698611","18/01/2023","-9.192188889"
2,TRUE,FALSE,15,7914,1002645,"38.545575","18/01/2023","-9.030341667"
2,TRUE,FALSE,15,7916,1002673,"38.581764","18/01/2023","-9.097308"
2,TRUE,FALSE,15,7918,1002677,"38.707625","18/01/2023","-8.945772222"
2,TRUE,FALSE,3,8955,1002657,"41.546530556","18/01/2023","-8.781655556"
2,TRUE,FALSE,6,8956,1002658,"40.106591667","18/01/2023","-8.492611111"
2,TRUE,FALSE,15,7913,1002576,"38.56663889","18/01/2023","-8.94365"
2,TRUE,FALSE,17,8949,1002600,"41.301863889","18/01/2023","-7.749308333"
2,TRUE,FALSE,18,8137,1002616,"40.650924","18/01/2023","-7.886281"
2,TRUE,FALSE,1,8952,1002641,"41.044261111","18/01/2023","-8.271241667"
2,TRUE,FALSE,14,7921,1002792,"39.46791667","18/01/2023","-8.206130556"
2,TRUE,FALSE,15,7923,1002815,"38.65267222","18/01/2023","-9.013183333"
2,TRUE,FALSE,13,403,1001263,"41.338816667","18/01/2023","-8.559486111"
2,TRUE,FALSE,13,411,1001271,"41.205472222","18/01/2023","-8.550016667"
2,TRUE,FALSE,13,412,1001272,"41.178659","18/01/2023","-8.688948"
2,TRUE,FALSE,16,423,1001283,"41.755758333","18/01/2023","-8.586319444"
2,TRUE,FALSE,1,424,1001284,"40.644152778","18/01/2023","-8.606355556"
2,TRUE,FALSE,13,434,1001294,"41.127955556","18/01/2023","-8.6405"
2,TRUE,FALSE,1,437,1001297,"40.44602","18/01/2023","-8.45069"
2,TRUE,FALSE,1,450,1001310,"40.9761","18/01/2023","-8.57395"
2,TRUE,FALSE,3,453,1001313,"41.449947222","18/01/2023","-8.16485"
2,TRUE,FALSE,13,466,1001326,"41.104766667","18/01/2023","-8.569705556"
2,TRUE,FALSE,13,467,1001327,"41.187168","18/01/2023","-8.580398"
2,TRUE,FALSE,13,477,1001335,"41.160011111","18/01/2023","-8.529883333"
2,TRUE,FALSE,16,8801,1001996,"41.87151","18/01/2023","-8.83376"
2,TRUE,FALSE,10,9801,1002231,"39.74658611","18/01/2023","-8.820252778"
2,TRUE,FALSE,15,9802,1002232,"38.68958056","18/01/2023","-8.946386111"
2,TRUE,FALSE,11,9804,1002234,"39.09564722","18/01/2023","-9.259941667"
2,TRUE,FALSE,5,9806,1002236,"39.83372222","18/01/2023","-7.496766667"
2,TRUE,FALSE,10,9807,1002237,"39.402661","18/01/2023","-9.148951"
2,TRUE,FALSE,11,9808,1002238,"38.71921944","18/01/2023","-9.4411"
2,TRUE,FALSE,10,9813,1002243,"39.35832222","18/01/2023","-9.375027778"
2,TRUE,FALSE,11,9815,1002245,"38.71112778","18/01/2023","-9.337477778"
2,TRUE,FALSE,11,9816,1002246,"38.76255833","18/01/2023","-9.277027778"
2,TRUE,FALSE,11,9817,1002247,"38.78275556","18/01/2023","-9.346861111"
2,TRUE,FALSE,2,9819,1002249,"38.14049444","18/01/2023","-7.458261111"
2,TRUE,FALSE,15,9821,1002251,"38.65418611","18/01/2023","-9.046830556"
2,TRUE,FALSE,14,9822,1002252,"39.23770556","18/01/2023","-8.6974"
2,TRUE,FALSE,11,9823,1002253,"38.96676111","18/01/2023","-9.406613889"
2,TRUE,FALSE,6,8902,1002042,"40.11744","18/01/2023","-8.24636"
2,TRUE,FALSE,13,8903,1002043,"41.17921","18/01/2023","-8.15524"
2,TRUE,FALSE,1,8912,1002052,"40.85583","18/01/2023","-8.39833"
2,TRUE,FALSE,1,8915,1002055,"40.92692","18/01/2023","-8.26373"
2,TRUE,FALSE,6,8918,1002058,"40.20432","18/01/2023","-8.24546"
2,TRUE,FALSE,6,8919,1002059,"40.15792","18/01/2023","-8.10992"
2,TRUE,FALSE,13,8921,1002060,"41.104158","18/01/2023","-8.603276"
2,TRUE,FALSE,10,7902,1001786,"39.59574444","18/01/2023","-8.81550556"
2,TRUE,FALSE,14,7909,1001793,"39.155038889","18/01/2023","-8.789841667"
2,TRUE,FALSE,6,8008,1001802,"40.362683333","18/01/2023","-8.03173"
2,TRUE,FALSE,18,8021,1001815,"40.85665","18/01/2023","-7.7367"
2,TRUE,FALSE,6,8078,1001871,"40.01811","18/01/2023","-8.37342"
2,TRUE,FALSE,3,8118,1001911,"41.57213","18/01/2023","-8.63098"
2,TRUE,FALSE,10,9825,1002255,"39.73905833","18/01/2023","-8.93455"
2,TRUE,FALSE,14,9828,1002258,"38.97451111","18/01/2023","-8.814622222"
2,TRUE,FALSE,8,9833,1002263,"37.11773056","18/01/2023","-8.243422222"
2,TRUE,FALSE,8,9834,1002264,"37.02900278","18/01/2023","-7.829591667"
2,TRUE,FALSE,12,9838,1002268,"39.27875278","18/01/2023","-7.430619444"
2,TRUE,FALSE,11,9843,1002273,"38.80364167","18/01/2023","-9.354488889"
2,TRUE,FALSE,11,9848,1002278,"38.76725556","18/01/2023","-9.3199"
2,TRUE,FALSE,13,8926,1002414,"41.282127778","18/01/2023","-8.386947222"
2,TRUE,FALSE,18,8925,1002415,"40.679808333","18/01/2023","-7.922844444"
2,TRUE,FALSE,10,7911,1002462,"39.850763","18/01/2023","-8.844239"
2,TRUE,FALSE,17,8940,1002491,"41.753175","18/01/2023","-7.474461111"
2,TRUE,FALSE,3,8937,1002505,"41.400144444","18/01/2023","-8.535091667"
2,TRUE,FALSE,9,8922,1002398,"40.555777","18/01/2023","-7.245563"
2,TRUE,FALSE,13,8923,1002399,"41.267355","18/01/2023","-8.612369"
2,TRUE,FALSE,18,8924,1002400,"41.073845","18/01/2023","-8.089292"
2,TRUE,FALSE,13,8929,1002432,"41.287108333","18/01/2023","-8.335936111"
2,TRUE,FALSE,11,9863,1002439,"38.742606","18/01/2023","-9.157866"
2,TRUE,FALSE,13,8932,1002449,"41.271955556","18/01/2023","-8.076544444"
2,TRUE,FALSE,13,8935,1002463,"41.340697222","18/01/2023","-8.479366667"
2,TRUE,FALSE,3,8938,1002478,"41.559105556","18/01/2023","-8.414144444"
2,TRUE,FALSE,13,8931,1002446,"41.237091667","18/01/2023","-8.529525"
2,TRUE,FALSE,11,9864,1002450,"38.740937863","18/01/2023","-9.211832284"
2,TRUE,FALSE,3,8933,1002457,"41.630327778","18/01/2023","-8.359891667"
2,TRUE,FALSE,3,8939,1002503,"41.555941667","18/01/2023","-8.434113889"
0,TRUE,FALSE,14,7022,1001527,"39.62252","18/01/2023","-8.66141"
0,TRUE,FALSE,5,7024,1001529,"39.9193","18/01/2023","-7.91438"
0,TRUE,FALSE,5,7025,1001530,"40.24005","18/01/2023","-7.52513"
0,TRUE,FALSE,14,7031,1001536,"39.69378","18/01/2023","-8.28741"
0,TRUE,FALSE,2,7032,1001537,"38.061780556","18/01/2023","-8.118011111"
0,TRUE,FALSE,10,7035,1001540,"39.99505","18/01/2023","-8.71827"
0,TRUE,FALSE,2,7039,1001544,"38.16261","18/01/2023","-7.89258"
0,TRUE,FALSE,7,7044,1001549,"38.94611","18/01/2023","-8.15951"
0,TRUE,FALSE,5,7050,1001555,"40.35746","18/01/2023","-7.35202"
0,TRUE,FALSE,10,7052,1001557,"39.9194","18/01/2023","-8.14834"
0,TRUE,FALSE,10,7054,1001559,"39.89624","18/01/2023","-8.28407"
0,TRUE,FALSE,11,7062,1001566,"39.15416","18/01/2023","-9.30525"
0,TRUE,FALSE,12,7063,1001567,"39.11939","18/01/2023","-7.28532"
0,TRUE,FALSE,8,7066,1001570,"37.31638","18/01/2023","-8.79802"
0,TRUE,FALSE,10,7073,1001576,"39.917","18/01/2023","-8.6346"
0,TRUE,FALSE,14,7075,1001578,"39.759","18/01/2023","-8.46036"
0,TRUE,FALSE,5,7083,1001586,"40.3138109","18/01/2023","-7.4568547"
0,TRUE,FALSE,12,7090,1001593,"39.51423","18/01/2023","-7.64782"
0,TRUE,FALSE,11,7092,1001595,"39.06797","18/01/2023","-8.86802"
0,TRUE,FALSE,15,7096,1001599,"38.63197","18/01/2023","-9.16074"
0,TRUE,FALSE,5,7098,1001601,"39.80959","18/01/2023","-8.1942"
0,TRUE,FALSE,14,7103,1001606,"39.71609","18/01/2023","-8.54736"
0,TRUE,FALSE,11,7109,1001612,"38.75834","18/01/2023","-9.26462"
0,TRUE,FALSE,12,7111,1001614,"39.295594","18/01/2023","-7.431659"
0,TRUE,FALSE,15,7701,1001682,"38.674792","18/01/2023","-9.16134"
0,TRUE,FALSE,13,2,1001187,"41.167013","18/01/2023","-8.593926"
0,TRUE,FALSE,13,4,1001189,"41.192247","18/01/2023","-8.633376"
0,TRUE,FALSE,13,10,1001195,"41.166072222","18/01/2023","-8.597822222"
0,TRUE,FALSE,3,11,1001196,"41.548030556","18/01/2023","-8.420977778"
0,TRUE,FALSE,13,19,1001204,"41.39129","18/01/2023","-8.76051"
0,TRUE,FALSE,13,22,1001207,"41.172236111","18/01/2023","-8.612877778"
0,TRUE,FALSE,3,34,1001219,"41.442758","18/01/2023","-8.289238"
0,TRUE,FALSE,13,35,1001220,"41.151091667","18/01/2023","-8.600575"
0,TRUE,FALSE,13,37,1001222,"41.098752778","18/01/2023","-8.591055556"
0,TRUE,FALSE,13,51,1001236,"41.18841","18/01/2023","-8.59679"
0,TRUE,FALSE,3,73,1001254,"41.485011111","18/01/2023","-8.771055556"
0,TRUE,FALSE,13,80,1001260,"41.217230556","18/01/2023","-8.55645"
0,FALSE,FALSE,11,2001,1001339,"38.71036389",NA,"-9.15263056"
0,FALSE,FALSE,11,2043,1001343,"38.71748889",NA,"-9.130161111"
0,TRUE,FALSE,11,2045,1001345,"38.73811667","18/01/2023","-9.134672222"
0,FALSE,FALSE,11,2046,1001346,"38.69892778",NA,"-9.228291667"
0,TRUE,FALSE,11,2047,1001347,"38.75991667","18/01/2023","-9.24095"
0,TRUE,FALSE,15,2048,1001348,"38.68273056","18/01/2023","-9.157330556"
0,FALSE,FALSE,11,2049,1001349,"38.72682222",NA,"-9.146636111"
0,TRUE,FALSE,11,2050,1001350,"38.75640833","18/01/2023","-9.254586111"
0,TRUE,FALSE,11,2051,1001351,"38.7154545","18/01/2023","-9.1645984"
0,TRUE,FALSE,11,2059,1001353,"38.79676111","18/01/2023","-9.342019444"
0,TRUE,FALSE,11,2063,1001356,"38.69458","18/01/2023","-9.37037"
0,TRUE,FALSE,15,2068,1001359,"38.65191111","18/01/2023","-9.148761111"
0,TRUE,FALSE,10,2077,1001364,"39.746730556","18/01/2023","-8.934511111"
0,TRUE,FALSE,11,2078,1001365,"38.89624167","18/01/2023","-9.038319444"
0,FALSE,FALSE,11,2083,1001369,"38.70779166",NA,"-9.144320277"
0,TRUE,FALSE,11,2089,1001374,"38.70484444","18/01/2023","-9.177466667"
0,TRUE,FALSE,15,2102,1001377,"38.66915","18/01/2023","-9.159363889"
0,TRUE,FALSE,11,2104,1001379,"38.703474","18/01/2023","-9.197153"
0,TRUE,FALSE,11,2107,1001380,"38.801707","18/01/2023","-9.129078"
0,TRUE,FALSE,11,2108,1001381,"38.75833889","18/01/2023","-9.234336111"
0,FALSE,FALSE,11,2114,1001382,"38.71074444",NA,"-9.145619444"
0,TRUE,FALSE,11,2115,1001383,"38.72598333","18/01/2023","-9.134311111"
0,TRUE,FALSE,11,2116,1001384,"38.74312222","18/01/2023","-9.133838889"
0,TRUE,FALSE,11,2128,1001389,"38.791283","18/01/2023","-9.176565"
0,TRUE,FALSE,15,2129,1001390,"38.64199722","18/01/2023","-9.153505556"
0,FALSE,FALSE,11,2133,1001392,"38.70123056",NA,"-9.421394444"
0,TRUE,FALSE,11,2134,1001393,"38.745155556","18/01/2023","-9.197952778"
0,TRUE,FALSE,15,2138,1001394,"38.65554444","18/01/2023","-9.155575"
0,FALSE,FALSE,11,2142,1001398,"38.71926667",NA,"-9.135488889"
0,FALSE,FALSE,15,2159,1001405,"41.178659",NA,"-8.688948"
0,TRUE,FALSE,11,2161,1001407,"38.760158333","18/01/2023","-9.237558333"
0,TRUE,FALSE,8,2166,1001411,"37.101636","18/01/2023","-8.36298"
0,FALSE,FALSE,11,2185,1001419,"38.76860556",NA,"-9.301197222"
0,TRUE,FALSE,13,2201,1001423,"41.227799","18/01/2023","-8.618921"
0,FALSE,FALSE,13,2202,1001424,"41.146052778",NA,"-8.604380556"
0,FALSE,FALSE,13,2253,1001426,"41.1450545",NA,"-8.6123715"
0,TRUE,FALSE,13,2256,1001428,"41.1805","18/01/2023","-8.582686111"
0,TRUE,FALSE,1,2264,1001431,"40.838597222","18/01/2023","-8.478830556"
0,TRUE,FALSE,1,2284,1001434,"41.007861111","18/01/2023","-8.639888889"
0,FALSE,FALSE,13,2305,1001439,"41.149377778",NA,"-8.607683333"
0,TRUE,FALSE,13,2309,1001441,"41.193422222","18/01/2023","-8.609838889"
0,TRUE,FALSE,13,2312,1001443,"41.146886","18/01/2023","-8.591293"
0,TRUE,FALSE,13,2344,1001454,"41.158681","18/01/2023","-8.580005"
0,TRUE,FALSE,13,2381,1001467,"41.277072222","18/01/2023","-8.379577778"
0,TRUE,FALSE,13,2387,1001469,"41.162146","18/01/2023","-8.632845"
0,TRUE,FALSE,10,7001,1001506,"39.84602","18/01/2023","-8.70645"
0,TRUE,FALSE,11,7003,1001508,"39.238325","18/01/2023","-9.310305556"
0,TRUE,FALSE,10,7005,1001510,"39.81691","18/01/2023","-8.37658"
0,TRUE,FALSE,14,7007,1001512,"39.20895","18/01/2023","-8.62871"
0,TRUE,FALSE,5,7009,1001514,"39.80047","18/01/2023","-8.09494"
0,TRUE,FALSE,11,7013,1001518,"38.73383","18/01/2023","-9.20491"
0,TRUE,FALSE,10,7014,1001519,"39.96557","18/01/2023","-8.79109"
0,TRUE,FALSE,18,8126,1001919,"40.99097","18/01/2023","-7.39124"
0,TRUE,FALSE,6,8132,1001925,"40.34601","18/01/2023","-8.592047"
0,TRUE,FALSE,4,8134,1001927,"41.5371203","18/01/2023","-6.95952"
0,TRUE,FALSE,18,8802,1001997,"40.72416","18/01/2023","-8.11222"
0,TRUE,FALSE,18,8803,1001998,"40.73445","18/01/2023","-8.17477"
0,TRUE,FALSE,18,8804,1001999,"40.76327","18/01/2023","-8.06495"
0,TRUE,FALSE,18,8805,1002000,"40.51881","18/01/2023","-8.08198"
0,TRUE,FALSE,3,8806,1002001,"41.378198","18/01/2023","-8.30938"
0,TRUE,FALSE,11,9655,1002115,"38.7899507","18/01/2023","-9.1213402"
0,TRUE,FALSE,11,9660,1002120,"38.759225","18/01/2023","-9.137511111"
0,TRUE,FALSE,11,9661,1002121,"38.763","18/01/2023","-9.256527778"
0,TRUE,FALSE,11,9662,1002122,"38.73092222","18/01/2023","-9.137736111"
0,TRUE,FALSE,11,9663,1002123,"38.748927778","18/01/2023","-9.22755"
0,TRUE,FALSE,11,9664,1002124,"38.80288056","18/01/2023","-9.380466667"
0,TRUE,FALSE,11,9668,1002128,"38.78806056","18/01/2023","-9.178805556"
0,TRUE,FALSE,11,9679,1002139,"38.776501","18/01/2023","-9.163177"
0,TRUE,FALSE,11,9680,1002140,"38.7697652","18/01/2023","-9.297657"
0,TRUE,FALSE,11,9681,1002141,"38.7218","18/01/2023","-9.129505556"
0,TRUE,FALSE,11,9684,1002144,"38.74893611","18/01/2023","-9.211661111"
0,TRUE,FALSE,11,9685,1002145,"38.74143611","18/01/2023","-9.206886111"
0,TRUE,FALSE,11,9687,1002147,"38.737331","18/01/2023","-9.14193"
0,TRUE,FALSE,11,9692,1002152,"38.764194444","18/01/2023","-9.118611111"
0,FALSE,FALSE,11,9694,1002154,"38.756125",NA,"-9.202869444"
0,TRUE,FALSE,11,9697,1002157,"38.768024","18/01/2023","-9.215073"
0,TRUE,FALSE,11,9700,1002160,"38.77588611","18/01/2023","-9.102091667"
0,TRUE,FALSE,11,9707,1002166,"38.770848","18/01/2023","-9.112791"
0,TRUE,FALSE,11,9708,1002167,"38.79816944","18/01/2023","-9.145375"
0,TRUE,FALSE,11,9709,1002168,"38.75227222","18/01/2023","-9.114591667"
0,TRUE,FALSE,11,9711,1002170,"38.79504167","18/01/2023","-9.329947222"
0,TRUE,FALSE,15,9713,1002172,"38.645175","18/01/2023","-9.037011111"
0,TRUE,FALSE,15,9714,1002173,"38.66495833","18/01/2023","-9.188827778"
0,TRUE,FALSE,15,9716,1002175,"38.01935278","18/01/2023","-8.695219444"
0,TRUE,FALSE,15,9718,1002177,"37.957765","18/01/2023","-8.864346"
0,TRUE,FALSE,11,9720,1002179,"38.87605833","18/01/2023","-9.081811111"
0,TRUE,FALSE,15,9727,1002186,"38.66691389","18/01/2023","-9.186608333"
0,TRUE,FALSE,11,9728,1002187,"38.79278056","18/01/2023","-9.173544444"
0,TRUE,FALSE,11,9734,1002193,"38.74758333","18/01/2023","-9.2179"
0,TRUE,FALSE,11,9740,1002197,"38.761433333","18/01/2023","-9.233783333"
0,TRUE,FALSE,8,9744,1002200,"37.06876111","18/01/2023","-8.106558333"
0,TRUE,FALSE,15,9747,1002203,"38.64699444","18/01/2023","-9.184391667"
0,TRUE,FALSE,11,9748,1002204,"38.75680278","18/01/2023","-9.276725"
0,TRUE,FALSE,11,9755,1002209,"38.74360278","18/01/2023","-9.11305"
0,TRUE,FALSE,11,9756,1002210,"38.786111111","18/01/2023","-9.322222222"
0,TRUE,FALSE,11,9758,1002212,"38.73880278","18/01/2023","-9.152544444"
0,TRUE,FALSE,11,9761,1002215,"38.73149444","18/01/2023","-9.141291667"
0,TRUE,FALSE,11,9762,1002216,"38.77290278","18/01/2023","-9.161633333"
0,TRUE,FALSE,11,9765,1002219,"38.79676944","18/01/2023","-9.172633333"
0,TRUE,FALSE,2,9766,1002220,"37.87467","18/01/2023","-8.16746"
0,TRUE,FALSE,14,9769,1002222,"39.35691111","18/01/2023","-8.481202778"
0,TRUE,FALSE,11,9770,1002223,"39.13125278","18/01/2023","-9.381738889"
0,TRUE,FALSE,11,9774,1002226,"38.7436","18/01/2023","-9.175380556"
0,TRUE,FALSE,11,9776,1002228,"38.724872222","18/01/2023","-9.143730556"
0,TRUE,FALSE,11,9777,1002229,"38.797211111","18/01/2023","-9.191505556"
0,TRUE,FALSE,15,9779,1002230,"38.622052778","18/01/2023","-9.125977778"
0,TRUE,FALSE,3,8809,1002004,"41.40937","18/01/2023","-8.51922"
0,TRUE,FALSE,17,8810,1002005,"41.50079","18/01/2023","-7.64642"
0,FALSE,FALSE,17,8811,1002006,"41.83072",NA,"-7.7845"
0,TRUE,FALSE,4,8814,1002009,"41.80374","18/01/2023","-6.76039"
0,TRUE,FALSE,1,8815,1002010,"40.64275","18/01/2023","-8.64768"
0,TRUE,FALSE,4,8818,1002013,"41.8364","18/01/2023","-7.01029"
0,TRUE,FALSE,1,8821,1002015,"40.61473","18/01/2023","-8.73403"
0,TRUE,FALSE,1,8822,1002016,"40.60093","18/01/2023","-8.66689"
0,TRUE,FALSE,1,8823,1002017,"40.57234","18/01/2023","-8.44463"
0,TRUE,FALSE,18,8826,1002020,"41.096569","18/01/2023","-7.80919"
0,TRUE,FALSE,13,8828,1002022,"41.15042","18/01/2023","-8.61166"
0,TRUE,FALSE,4,8829,1002023,"41.792819","18/01/2023","-6.769231"
0,TRUE,FALSE,13,8833,1002026,"41.116423","18/01/2023","-8.606324"
0,TRUE,FALSE,1,8835,1002027,"40.635124","18/01/2023","-8.649075"
0,TRUE,FALSE,16,8838,1002028,"41.940234","18/01/2023","-8.73995"
0,TRUE,FALSE,13,8841,1002030,"41.15748","18/01/2023","-8.680926"
0,TRUE,FALSE,13,8842,1002031,"41.207682","18/01/2023","-8.332389"
0,TRUE,FALSE,3,8843,1002032,"41.554966","18/01/2023","-8.423646"
0,TRUE,FALSE,3,8846,1002035,"41.545195","18/01/2023","-8.412585"
0,TRUE,FALSE,3,8848,1002037,"41.535528","18/01/2023","-8.615547"
0,TRUE,FALSE,13,8850,1002039,"41.149657","18/01/2023","-8.620604"
0,FALSE,FALSE,18,8851,1002040,"40.6617351",NA,"-7.9154339"
0,TRUE,FALSE,16,8914,1002054,"41.704344","18/01/2023","-8.849622"
0,TRUE,FALSE,15,9605,1002065,"38.67969167","18/01/2023","-9.157569444"
0,TRUE,FALSE,11,9611,1002071,"38.70480556","18/01/2023","-9.181275"
0,TRUE,FALSE,15,9613,1002073,"38.64916111","18/01/2023","-9.144680556"
0,TRUE,FALSE,15,9614,1002074,"38.660339","18/01/2023","-9.079413"
0,TRUE,FALSE,11,9617,1002077,"38.73531389","18/01/2023","-9.133233333"
0,TRUE,FALSE,11,9620,1002080,"38.738091667","18/01/2023","-9.124716667"
0,TRUE,FALSE,11,9621,1002081,"38.72625","18/01/2023","-9.118736111"
0,TRUE,FALSE,11,9624,1002084,"38.7520526","18/01/2023","-9.2777889"
0,TRUE,FALSE,15,9625,1002085,"38.65988611","18/01/2023","-9.062752778"
0,TRUE,FALSE,15,9631,1002091,"38.52516111","18/01/2023","-8.865852778"
0,TRUE,FALSE,15,9636,1002096,"38.6245728","18/01/2023","-9.1249164"
0,TRUE,FALSE,11,9639,1002099,"38.704818","18/01/2023","-9.386989"
0,TRUE,FALSE,15,9642,1002102,"38.661305556","18/01/2023","-9.050277778"
0,TRUE,FALSE,11,9650,1002110,"38.78401389","18/01/2023","-9.323116667"
0,TRUE,FALSE,15,9652,1002112,"38.62577222","18/01/2023","-9.115419444"
0,TRUE,FALSE,10,7702,1001683,"39.671075","18/01/2023","-8.995004"
0,TRUE,FALSE,15,7704,1001685,"38.65435556","18/01/2023","-9.161225"
0,TRUE,FALSE,15,7710,1001691,"38.704786111","18/01/2023","-8.976308333"
0,TRUE,FALSE,7,7801,1001692,"38.648366667","18/01/2023","-8.216175"
0,TRUE,FALSE,14,7802,1001693,"38.938105556","18/01/2023","-8.869844444"
0,TRUE,FALSE,14,7804,1001695,"39.23596","18/01/2023","-8.68566"
0,TRUE,FALSE,10,7805,1001696,"39.55149","18/01/2023","-8.97537"
0,TRUE,FALSE,10,7807,1001698,"39.35917","18/01/2023","-9.38024"
0,TRUE,FALSE,10,7808,1001699,"39.40608","18/01/2023","-9.13481"
0,TRUE,FALSE,11,7809,1001700,"38.95451","18/01/2023","-8.99146"
0,TRUE,FALSE,11,7811,1001702,"38.87393","18/01/2023","-9.05545"
0,TRUE,FALSE,11,7813,1001704,"38.90351","18/01/2023","-9.04736"
0,TRUE,FALSE,2,7816,1001707,"38.01205","18/01/2023","-7.85849"
0,TRUE,FALSE,15,7820,1001711,"-8.88125","18/01/2023","38.52763"
0,TRUE,FALSE,11,7821,1001712,"39.11092","18/01/2023","-9.35993"
0,TRUE,FALSE,11,7824,1001715,"38.72926","18/01/2023","-9.16254"
0,TRUE,FALSE,11,7825,1001716,"38.70016","18/01/2023","-9.23936"
0,TRUE,FALSE,11,7826,1001717,"38.79689","18/01/2023","-9.16398"
0,TRUE,FALSE,15,7828,1001719,"38.52437","18/01/2023","-8.90502"
0,TRUE,FALSE,11,7833,1001724,"38.807","18/01/2023","-9.18534"
0,TRUE,FALSE,11,7834,1001725,"38.75364","18/01/2023","-9.21021"
0,TRUE,FALSE,15,7835,1001726,"38.63855","18/01/2023","-9.09697"
0,TRUE,FALSE,11,7836,1001727,"38.79306","18/01/2023","-9.10896"
0,TRUE,FALSE,11,7837,1001728,"39.24069","18/01/2023","-9.10381"
0,TRUE,FALSE,8,7839,1001730,"37.15386","18/01/2023","-7.88902"
0,TRUE,FALSE,11,7843,1001734,"38.7907981","18/01/2023","-9.1910075"
0,TRUE,FALSE,11,7854,1001745,"38.80753","18/01/2023","-9.10203"
0,TRUE,FALSE,11,7868,1001758,"38.83984","18/01/2023","-9.1601"
0,TRUE,FALSE,15,7869,1001759,"38.66578","18/01/2023","-9.157871"
0,TRUE,FALSE,2,7872,1001762,"37.51523","18/01/2023","-8.05998"
0,TRUE,FALSE,11,7873,1001763,"38.75539","18/01/2023","-9.176367"
0,TRUE,FALSE,11,7875,1001765,"38.799525","18/01/2023","-9.180249"
0,TRUE,FALSE,10,7876,1001766,"39.732323","18/01/2023","-8.705211"
0,TRUE,FALSE,11,7877,1001767,"38.706036111","18/01/2023","-9.226191667"
0,TRUE,FALSE,11,7879,1001768,"38.747158","18/01/2023","-9.188611"
0,TRUE,FALSE,15,7880,1001769,"38.62986","18/01/2023","-9.15433"
0,TRUE,FALSE,11,7881,1001770,"38.766989","18/01/2023","-9.213711"
0,TRUE,FALSE,11,7883,1001771,"38.696877","18/01/2023","-9.305241"
0,TRUE,FALSE,11,7885,1001772,"38.863868","18/01/2023","-9.072696"
0,TRUE,FALSE,11,7889,1001774,"38.820681","18/01/2023","-9.098441"
0,TRUE,FALSE,8,7890,1001775,"37.139013889","18/01/2023","-8.021344444"
0,TRUE,FALSE,15,7892,1001777,"38.624843","18/01/2023","-9.085148"
0,TRUE,FALSE,11,7894,1001779,"38.761366","18/01/2023","-9.178891"
0,TRUE,FALSE,11,7895,1001780,"38.7783","18/01/2023","-9.095319"
0,TRUE,FALSE,5,7897,1001782,"39.824178","18/01/2023","-7.489618"
0,TRUE,FALSE,11,7899,1001784,"38.7682","18/01/2023","-9.23075"
0,TRUE,FALSE,11,7910,1001794,"39.030146","18/01/2023","-9.36874"
0,TRUE,FALSE,13,8019,1001813,"41.2349","18/01/2023","-8.41887"
0,TRUE,FALSE,18,8030,1001824,"41.10916","18/01/2023","-7.68973"
0,TRUE,FALSE,9,8033,1001827,"40.77459","18/01/2023","-7.06708"
0,TRUE,FALSE,17,8039,1001833,"41.6874","18/01/2023","-7.66727"
0,FALSE,FALSE,18,8048,1001841,"41.10234",NA,"-7.96063"
0,TRUE,FALSE,18,8052,1001845,"40.89872","18/01/2023","-7.48619"
0,TRUE,FALSE,13,8058,1001851,"41.41452","18/01/2023","-8.65053"
0,TRUE,FALSE,1,8066,1001859,"40.76274","18/01/2023","-8.64589"
0,TRUE,FALSE,9,8080,1001873,"40.89655","18/01/2023","-6.9647"
0,TRUE,FALSE,4,8081,1001874,"41.08826","18/01/2023","-6.80753"
0,TRUE,FALSE,4,8087,1001880,"41.58977","18/01/2023","-6.52791"
0,TRUE,FALSE,3,8089,1001882,"41.45944","18/01/2023","-8.56757"
0,TRUE,FALSE,13,8090,1001883,"41.15433","18/01/2023","-8.41071"
0,TRUE,FALSE,1,8091,1001884,"40.46672","18/01/2023","-8.67446"
0,TRUE,FALSE,13,8092,1001885,"41.40888","18/01/2023","-8.77395"
0,TRUE,FALSE,1,8095,1001888,"40.61527","18/01/2023","-8.62231"
0,TRUE,FALSE,16,8096,1001889,"41.65445","18/01/2023","-8.58448"
0,TRUE,FALSE,6,8109,1001902,"40.15801","18/01/2023","-8.33433"
0,TRUE,FALSE,16,8111,1001904,"42.113316","18/01/2023","-8.257378"
0,TRUE,FALSE,18,8112,1001905,"40.6699","18/01/2023","-7.8895"
0,TRUE,FALSE,18,8119,1001912,"40.64246","18/01/2023","-7.92459"
0,TRUE,FALSE,18,8120,1001913,"40.90135","18/01/2023","-7.93564"
0,TRUE,FALSE,9,8123,1001916,"40.77025","18/01/2023","-7.35516"
0,TRUE,FALSE,11,9860,1002287,"38.800355556","18/01/2023","-9.379333333"
0,TRUE,FALSE,12,7112,1002403,"39.050380556","18/01/2023","-7.887927778"
0,FALSE,FALSE,15,7712,1002412,"38.53203056",NA,"-8.876347222"
0,TRUE,FALSE,13,8834,1002413,"41.158413889","18/01/2023","-8.039316667"
0,TRUE,FALSE,11,7715,1002422,"38.71741","18/01/2023","-9.16643"
0,TRUE,FALSE,13,8852,1002391,"41.192436111","18/01/2023","-8.696544444"
0,TRUE,FALSE,9,8832,1002395,"40.719130556","18/01/2023","-6.901511111"
0,TRUE,FALSE,14,7714,1002417,"39.4564487","18/01/2023","-8.6694222"
0,TRUE,FALSE,15,7718,1002421,"38.64795833","18/01/2023","-8.989763889"
0,TRUE,FALSE,8,7727,1002461,"37.12964444","18/01/2023","-8.54025833"
0,TRUE,FALSE,15,7728,1002470,"38.657092","18/01/2023","-9.152766"
0,TRUE,FALSE,15,7729,1002471,"38.65832778","18/01/2023","-9.043316667"
0,TRUE,FALSE,13,8863,1002473,"41.184997222","18/01/2023","-8.681197222"
0,TRUE,FALSE,13,8837,1002508,"41.192425","18/01/2023","-8.668232"
0,TRUE,FALSE,13,8853,1002392,"41.362857","18/01/2023","-8.758008"
0,TRUE,FALSE,18,8854,1002397,"40.6582146","18/01/2023","-7.9091781"
0,TRUE,FALSE,12,7878,1002416,"38.95289","18/01/2023","-7.672428"
0,TRUE,FALSE,15,7713,1002419,"38.65681944","18/01/2023","-9.070922222"
0,TRUE,FALSE,15,7716,1002420,"38.52564167","18/01/2023","-8.872033333"
0,TRUE,FALSE,9,8836,1002436,"40.616322222","18/01/2023","-7.544463889"
0,TRUE,FALSE,11,9780,1002440,"38.76966","18/01/2023","-9.31048"
0,TRUE,FALSE,9,8860,1002442,"40.355294444","18/01/2023","-7.094713889"
0,TRUE,FALSE,3,8858,1002443,"41.547011","18/01/2023","-8.4333479"
0,TRUE,FALSE,13,8859,1002444,"41.328367","18/01/2023","-8.717544"
0,TRUE,FALSE,13,8861,1002447,"41.143838889","18/01/2023","-8.534383333"
0,TRUE,FALSE,15,7721,1002451,"38.67998889","18/01/2023","-9.160222222"
0,TRUE,FALSE,15,7720,1002453,"38.66179444","18/01/2023","-9.077127778"
0,TRUE,FALSE,14,7724,1002456,"39.60504167","18/01/2023","-8.409169444"
0,FALSE,FALSE,11,9781,1002465,"38.730121",NA,"-9.147322"
0,FALSE,FALSE,11,9782,1002466,"38.731717",NA,"-9.13414"
0,FALSE,FALSE,8,7733,1002475,"37.0172",NA,"-7.933005556"
0,TRUE,FALSE,15,7731,1002483,"38.53066389","18/01/2023","-8.887897222"
0,TRUE,FALSE,1,8857,1002423,"40.637141667","18/01/2023","-8.713161111"
0,TRUE,FALSE,15,7717,1002435,"38.5331809","18/01/2023","-8.8688622"
0,TRUE,FALSE,11,7719,1002441,"38.76748056","18/01/2023","-9.298561111"
0,TRUE,FALSE,11,7723,1002454,"38.92719722","18/01/2023","-9.008077778"
0,TRUE,FALSE,13,8864,1002496,"41.159580556","18/01/2023","-8.601869444"
0,FALSE,FALSE,11,7732,1002510,"38.71506111",NA,"-9.15122222"
0,TRUE,FALSE,15,7735,1002513,"38.68239722","18/01/2023","-9.153369444"
0,TRUE,FALSE,13,8865,1002520,"41.124477778","18/01/2023","-8.612211111"
0,FALSE,FALSE,11,7737,1002522,"38.693469444",NA,"-9.297486111"
0,TRUE,FALSE,13,8866,1002533,"41.162297222","18/01/2023","-8.605161111"
0,TRUE,FALSE,11,7739,1002537,"38.95390556","18/01/2023","-8.987533333"
0,TRUE,FALSE,13,8867,1002529,"41.156841667","18/01/2023","-8.621719444"
0,TRUE,FALSE,16,8871,1002603,"41.804544444","18/01/2023","-8.414816667"
0,TRUE,FALSE,11,7748,1002612,"38.70206667","18/01/2023","-9.386469444"
0,TRUE,FALSE,13,8873,1002614,"41.378622222","18/01/2023","-8.761883333"
0,TRUE,FALSE,13,8874,1002615,"41.1477","18/01/2023","-8.5862"
0,TRUE,FALSE,15,7755,1002646,"38.44549444","18/01/2023","-9.100169444"
0,TRUE,FALSE,11,9791,1002660,"38.71077778","18/01/2023","-9.158913889"
0,TRUE,FALSE,17,98,1002664,"41.16435833","18/01/2023","-7.79338056"
0,TRUE,FALSE,6,93,1002669,"40.14867222","18/01/2023","-8.851955556"
0,TRUE,FALSE,11,7757,1002671,"38.71135556","18/01/2023","-9.246227778"
0,FALSE,FALSE,13,8870,1002582,"41.135925",NA,"-8.607897222"
0,TRUE,FALSE,11,7758,1002684,"38.77538056","18/01/2023","-9.112838889"
0,TRUE,FALSE,13,8879,1002750,"41.218322222","18/01/2023","-8.552611111"
0,TRUE,FALSE,5,7763,1002775,"40.138855556","18/01/2023","-7.500755556"
0,TRUE,FALSE,8,7762,1002778,"37.1795826","18/01/2023","-7.4499103"
0,TRUE,FALSE,11,7764,1002788,"38.74491667","18/01/2023","-9.180138889"
0,TRUE,FALSE,15,7738,1002540,"38.57106389","18/01/2023","-9.039705556"
0,TRUE,FALSE,11,7742,1002550,"39.08825","18/01/2023","-9.254411111"
0,FALSE,FALSE,11,7747,1002588,"38.72126667",NA,"-9.151952778"
0,TRUE,FALSE,11,9783,1002593,"39.02059","18/01/2023","-9.15313"
0,TRUE,FALSE,11,9785,1002601,"38.99461","18/01/2023","-8.97233"
0,TRUE,FALSE,10,86,1002618,"39.91404","18/01/2023","-8.435637"
0,TRUE,FALSE,15,7750,1002633,"38.61699722","18/01/2023","-9.103002778"
0,TRUE,FALSE,13,94,1002665,"41.149322","18/01/2023","-8.603465"
0,FALSE,FALSE,6,92,1002666,"40.2108247",NA,"-8.429326"
0,FALSE,FALSE,13,96,1002667,"41.149481",NA,"-8.616551"
0,FALSE,FALSE,13,97,1002668,"41.166075",NA,"-8.62506667"
0,TRUE,FALSE,15,7741,1002555,"38.53818333","18/01/2023","-8.896680556"
0,TRUE,FALSE,10,8869,1002556,"39.599663","18/01/2023","-9.07065"
0,TRUE,FALSE,13,8868,1002585,"41.353036111","18/01/2023","-8.740494444"
0,TRUE,FALSE,12,7114,1002632,"39.05478","18/01/2023","-7.64898"
0,TRUE,FALSE,11,7751,1002637,"38.81042222","18/01/2023","-9.161255556"
0,TRUE,FALSE,11,7759,1002721,"38.732043","18/01/2023","-9.1283"
0,TRUE,FALSE,11,7745,1002573,"38.756125","18/01/2023","-9.202869444"
0,TRUE,FALSE,7,7746,1002578,"38.72336111","18/01/2023","-7.984872222"
0,TRUE,FALSE,13,89,1002624,"41.38072","18/01/2023","-8.75542"
0,TRUE,FALSE,11,9790,1002631,"38.923631","18/01/2023","-9.232502"
0,TRUE,FALSE,15,7756,1002651,"38.64476944","18/01/2023","-9.235305556"
0,FALSE,FALSE,15,7743,1002562,"38.64137222",NA,"-9.231816667"
0,TRUE,FALSE,11,9784,1002597,"39.1424","18/01/2023","-9.01722"
0,TRUE,FALSE,18,8139,1002741,"41.150003","18/01/2023","-7.411726"
0,TRUE,FALSE,11,7740,1002557,"38.71129722","18/01/2023","-9.163625"
0,TRUE,FALSE,13,8876,1002638,"41.155238889","18/01/2023","-8.595325"
0,TRUE,FALSE,11,9793,1002662,"38.77265833","18/01/2023","-9.153480556"
0,TRUE,FALSE,11,7760,1002765,"38.69275","18/01/2023","-9.310969444"
0,FALSE,FALSE,11,7766,1002790,"38.72275833",NA,"-9.145947222"
0,TRUE,FALSE,11,7769,1002800,"38.75937222","18/01/2023","-9.124575"
0,TRUE,FALSE,11,7771,1002801,"38.785138889","18/01/2023","-9.315666667"
0,FALSE,FALSE,6,8880,1002803,"40.209338889",NA,"-8.432222222"
0,TRUE,FALSE,8,7770,1002799,"37.19387222","18/01/2023","-7.420738889"
0,TRUE,FALSE,11,7772,1002805,"38.70227778","18/01/2023","-9.206055556"
0,TRUE,FALSE,13,100,1002817,"41.14993","18/01/2023","-8.29847"
0,FALSE,FALSE,8,7775,1002820,"37.12450556",NA,"-7.647922222"
0,TRUE,FALSE,15,7776,1002821,"38.52550833","18/01/2023","-8.890261111"
0,TRUE,FALSE,11,7777,1002822,"38.76509444","18/01/2023","-9.200555556"
0,TRUE,FALSE,11,7773,1002811,"38.75714722","18/01/2023","-9.225705556"
0,TRUE,FALSE,11,7774,1002819,"38.76039444","18/01/2023","-9.167513889"
0,FALSE,FALSE,6,8881,1002823,"40.2108247",NA,"-8.429326"
3,FALSE,FALSE,15,7601,1001668,"38.47698",NA,"-9.15988"
3,FALSE,FALSE,18,8639,1002607,"41.019114",NA,"-7.776108"
3,FALSE,FALSE,10,7605,1001672,"39.94755",NA,"-8.48227"
3,FALSE,FALSE,5,7607,1001674,"40.2330716",NA,"-7.4460348"
3,FALSE,FALSE,10,7609,1001676,"39.5144",NA,"-9.13354"
3,FALSE,FALSE,8,7611,1001678,"37.0742",NA,"-8.77373"
3,FALSE,FALSE,16,8603,1001994,"41.841248",NA,"-8.87025"
3,FALSE,FALSE,12,7615,1002418,"38.963355556",NA,"-7.758525"
3,FALSE,FALSE,14,7619,1002484,"39.34876",NA,"-8.531824"
3,FALSE,FALSE,16,8607,1002485,"41.79672",NA,"-8.5499"
3,FALSE,FALSE,11,7627,1002500,"38.95295",NA,"-9.13561"
3,FALSE,FALSE,12,7629,1002506,"39.043552",NA,"-7.811188"
3,FALSE,FALSE,4,8605,1002480,"41.410203",NA,"-8.515568"
3,FALSE,FALSE,15,7620,1002490,"37.939755",NA,"-8.392103"
3,FALSE,FALSE,8,7628,1002502,"37.098255",NA,"-8.465538"
3,FALSE,FALSE,15,7631,1002515,"38.2914679",NA,"-8.2195829"
3,FALSE,FALSE,3,8619,1002516,"41.49992",NA,"-8.73953"
3,FALSE,FALSE,13,8622,1002519,"41.452237",NA,"-8.73982"
3,FALSE,FALSE,6,8620,1002523,"40.018514",NA,"-8.100364"
3,FALSE,FALSE,13,8624,1002524,"41.137049",NA,"-8.31146"
3,FALSE,FALSE,11,7635,1002532,"38.798141",NA,"-9.1622803"
3,FALSE,FALSE,18,8618,1002538,"40.908289",NA,"-8.059002"
3,FALSE,FALSE,2,7653,1002595,"37.946068",NA,"-7.299899"
3,FALSE,FALSE,14,7643,1002569,"39.4513",NA,"-8.830107"
3,FALSE,FALSE,14,7644,1002577,"39.4643257",NA,"-8.0424618"
3,FALSE,FALSE,8,7650,1002586,"37.309399",NA,"-8.666675"
3,FALSE,FALSE,9,8629,1002558,"40.49153",NA,"-7.590443"
3,FALSE,FALSE,18,8634,1002572,"40.614359",NA,"-7.89782"
3,FALSE,FALSE,7,7656,1002606,"38.33464",NA,"-8.003132"
3,FALSE,FALSE,17,8640,1002611,"41.560115",NA,"-7.428586"
3,FALSE,FALSE,14,7640,1002581,"39.707682",NA,"-8.659308"
3,FALSE,FALSE,18,8637,1002594,"40.753898",NA,"-7.985394"
3,FALSE,FALSE,5,8632,1002568,"40.2878012",NA,"-7.5022681"
3,FALSE,FALSE,10,7651,1002591,"39.84678",NA,"-8.65771"
3,FALSE,FALSE,6,8638,1002599,"40.241248",NA,"-8.509664"
3,FALSE,FALSE,2,7604,1001671,"38.20861",NA,"-7.22901"
